Feature ID	taxonomy	Consensus
ca5c675cfcda558f45e2ba75656384a5	D_0__Bacteria; D_1__Cyanobacteria; D_2__Melainabacteria; D_3__Caenarcaniphilales	0.7
2f3de2bca7077a59f018a27115e59e27	D_0__Bacteria; D_1__Cyanobacteria; D_2__Melainabacteria; D_3__Caenarcaniphilales	0.7
955e1f4c6a8c7d2d11f395e46b453977	D_0__Bacteria; D_1__Cyanobacteria; D_2__Melainabacteria; D_3__Gastranaerophilales; D_4__uncultured bacterium; D_5__uncultured bacterium; D_6__uncultured bacterium	0.9
e3ca645eb2ee40d9dd8fa08f16248cb8	D_0__Bacteria; D_1__Cyanobacteria; D_2__Melainabacteria; D_3__Gastranaerophilales; D_4__uncultured bacterium; D_5__uncultured bacterium; D_6__uncultured bacterium	0.9
05f8c7e2f247dbe54771c445c93e9818	D_0__Bacteria; D_1__Cyanobacteria; D_2__Melainabacteria; D_3__Obscuribacterales; D_4__uncultured bacterium; D_5__uncultured bacterium; D_6__uncultured bacterium	0.9
29852442afe5dc93ebe94ededeec1a47	D_0__Bacteria; D_1__Cyanobacteria; D_2__Melainabacteria; D_3__Obscuribacterales; D_4__uncultured bacterium; D_5__uncultured bacterium; D_6__uncultured bacterium	0.9
4e49bc9c6ab219f02fe8f8e5d5899be0	D_0__Bacteria; D_1__Cyanobacteria; D_2__Melainabacteria; D_3__Obscuribacterales; D_4__uncultured bacterium; D_5__uncultured bacterium; D_6__uncultured bacterium	0.9
038466e97c5f6b8e9d5d6837e0302486	D_0__Bacteria; D_1__Cyanobacteria; D_2__Melainabacteria; D_3__Obscuribacterales; D_4__uncultured bacterium; D_5__uncultured bacterium; D_6__uncultured bacterium	1
f9761241f4b640481262ded6d2f36c52	D_0__Bacteria; D_1__Cyanobacteria; D_2__Melainabacteria; D_3__Obscuribacterales; D_4__uncultured bacterium; D_5__uncultured bacterium; D_6__uncultured bacterium	0.8
8e4ede176f94a54a2dfd7849531303b0	D_0__Bacteria; D_1__Cyanobacteria; D_2__Melainabacteria; D_3__Obscuribacterales; D_4__uncultured bacterium; D_5__uncultured bacterium; D_6__uncultured bacterium	0.9
4f40f4270137049ed0464da5e62499cd	D_0__Bacteria; D_1__Cyanobacteria; D_2__Melainabacteria; D_3__Obscuribacterales; D_4__uncultured bacterium; D_5__uncultured bacterium; D_6__uncultured bacterium	0.9
c77668dd212927f3f787e68770b7caa0	D_0__Bacteria; D_1__Cyanobacteria; D_2__Melainabacteria; D_3__Obscuribacterales; D_4__uncultured bacterium; D_5__uncultured bacterium; D_6__uncultured bacterium	0.7
96ae0e9fd13744ce744e45356e7af168	D_0__Bacteria; D_1__Cyanobacteria; D_2__Melainabacteria; D_3__Vampirovibrionales; D_4__uncultured bacterium; D_5__uncultured bacterium; D_6__uncultured bacterium	0.9
c7d76b9fd4bdaeb84ba3ee6eb4509e14	D_0__Bacteria; D_1__Cyanobacteria; D_2__Melainabacteria; D_3__Vampirovibrionales; D_4__uncultured bacterium; D_5__uncultured bacterium; D_6__uncultured bacterium	0.9
d336a4dab5db715771c51eca58d7d9eb	D_0__Bacteria; D_1__Cyanobacteria; D_2__Melainabacteria; D_3__Vampirovibrionales; D_4__uncultured bacterium; D_5__uncultured bacterium; D_6__uncultured bacterium	0.6
d893accefbded2df93ec7b23baa6d49e	D_0__Bacteria; D_1__Cyanobacteria; D_2__Melainabacteria; D_3__Vampirovibrionales; D_4__uncultured bacterium; D_5__uncultured bacterium; D_6__uncultured bacterium	0.7
3c9f1477f3613e7bbf66073ba227fb06	D_0__Bacteria; D_1__Cyanobacteria; D_2__Melainabacteria; D_3__Vampirovibrionales; D_4__uncultured bacterium; D_5__uncultured bacterium; D_6__uncultured bacterium	0.6
f6bbdf56ffd833a0c15c8145432a67cc	D_0__Bacteria; D_1__Cyanobacteria; D_2__Melainabacteria; D_3__Vampirovibrionales; D_4__uncultured bacterium; D_5__uncultured bacterium; D_6__uncultured bacterium	0.9
a25a2d79bcaef27988c4a2087bdf06eb	D_0__Bacteria; D_1__Cyanobacteria; D_2__Melainabacteria; D_3__Vampirovibrionales; D_4__uncultured bacterium; D_5__uncultured bacterium; D_6__uncultured bacterium	0.9
3e3c072318a2d9a96c77f091bea75271	D_0__Bacteria; D_1__Cyanobacteria; D_2__Oxyphotobacteria	1
9f24d5e911d8ee69816c872e256ab698	D_0__Bacteria; D_1__Cyanobacteria; D_2__Oxyphotobacteria	1
6d5973770b7aee9f1ad269a8a456c6eb	D_0__Bacteria; D_1__Cyanobacteria; D_2__Oxyphotobacteria	1
fc41a9a6f875fb36b0b6bbcac9c62bbe	D_0__Bacteria; D_1__Cyanobacteria; D_2__Oxyphotobacteria	1
239797f72c29a2b439cb864bf8c1895e	D_0__Bacteria; D_1__Cyanobacteria; D_2__Oxyphotobacteria	1
7f1a3e9eb8bb6d41cb573ab1b964c0fc	D_0__Bacteria; D_1__Cyanobacteria; D_2__Oxyphotobacteria	0.8
a55f57799cffd5102d6dceb05477b033	D_0__Bacteria; D_1__Cyanobacteria; D_2__Oxyphotobacteria	1
0f5736b066c6e0278c9ced6d2e15e0d9	D_0__Bacteria; D_1__Cyanobacteria; D_2__Oxyphotobacteria	0.7
b254869a26852c082cdc4e433b22798b	D_0__Bacteria; D_1__Cyanobacteria; D_2__Oxyphotobacteria	1
e35c95f0fe2a379e3b0f12b59765d764	D_0__Bacteria; D_1__Cyanobacteria; D_2__Oxyphotobacteria; D_3__Leptolyngbyales; D_4__Leptolyngbyaceae	0.818181818
8dd8312e0d06d3e4a6d3bce85727d8ca	D_0__Bacteria; D_1__Cyanobacteria; D_2__Oxyphotobacteria; D_3__Leptolyngbyales; D_4__Leptolyngbyaceae	0.818181818
b35c438d8790ea9388a02b8387ddb8cd	D_0__Bacteria; D_1__Cyanobacteria; D_2__Oxyphotobacteria; D_3__Leptolyngbyales; D_4__Leptolyngbyaceae	0.636363636
2282224159e2e3574ffbaa1d10121a6e	D_0__Bacteria; D_1__Cyanobacteria; D_2__Oxyphotobacteria; D_3__Leptolyngbyales; D_4__Leptolyngbyaceae	0.727272727
e736867ed727bcc5ff2dd8f207c65bd6	D_0__Bacteria; D_1__Cyanobacteria; D_2__Oxyphotobacteria; D_3__Leptolyngbyales; D_4__Leptolyngbyaceae	0.909090909
a20d8fddfbb14bce35ae27ecb6e975ad	D_0__Bacteria; D_1__Cyanobacteria; D_2__Oxyphotobacteria; D_3__Leptolyngbyales; D_4__Leptolyngbyaceae	0.636363636
e50e3e8009d1977e9f682846222ca673	D_0__Bacteria; D_1__Cyanobacteria; D_2__Oxyphotobacteria; D_3__Leptolyngbyales; D_4__Leptolyngbyaceae	0.545454545
16de659b67705119773935839316b42f	D_0__Bacteria; D_1__Cyanobacteria; D_2__Oxyphotobacteria; D_3__Leptolyngbyales; D_4__Leptolyngbyaceae	0.727272727
844641bf32a2fbbbf740d94d562bd121	D_0__Bacteria; D_1__Cyanobacteria; D_2__Oxyphotobacteria; D_3__Leptolyngbyales; D_4__Leptolyngbyaceae	0.727272727
d53ad7793b58b6fa19df6824efdde116	D_0__Bacteria; D_1__Cyanobacteria; D_2__Oxyphotobacteria; D_3__Leptolyngbyales; D_4__Leptolyngbyaceae	0.8
c9545d53d077a6481a764550a939b384	D_0__Bacteria; D_1__Cyanobacteria; D_2__Oxyphotobacteria; D_3__Leptolyngbyales; D_4__Leptolyngbyaceae	1
8d42d4feed944d5a54968f0ae69f23ff	D_0__Bacteria; D_1__Cyanobacteria; D_2__Oxyphotobacteria; D_3__Leptolyngbyales; D_4__Leptolyngbyaceae; D_5__Leptolyngbya PCC-6306	0.909090909
e862828357d5511153614b35e946ec07	D_0__Bacteria; D_1__Cyanobacteria; D_2__Oxyphotobacteria; D_3__Leptolyngbyales; D_4__Leptolyngbyaceae; D_5__Leptolyngbya PCC-6306	0.909090909
29543a122331436d477ce84adf8064db	D_0__Bacteria; D_1__Cyanobacteria; D_2__Oxyphotobacteria; D_3__Leptolyngbyales; D_4__Leptolyngbyaceae; D_5__Leptolyngbya PCC-6306	0.6
aec75944b6a66ae5b7547d4ac495c7a5	D_0__Bacteria; D_1__Cyanobacteria; D_2__Oxyphotobacteria; D_3__Leptolyngbyales; D_4__Leptolyngbyaceae; D_5__Leptolyngbya PCC-6306	0.909090909
4862982e403d0f46adc2e96623f5e2ee	D_0__Bacteria; D_1__Cyanobacteria; D_2__Oxyphotobacteria; D_3__Leptolyngbyales; D_4__Leptolyngbyaceae; D_5__Leptolyngbya PCC-6306	0.909090909
04e2b44d707aac73f5ea7448c822f65a	D_0__Bacteria; D_1__Cyanobacteria; D_2__Oxyphotobacteria; D_3__Leptolyngbyales; D_4__Leptolyngbyaceae; D_5__Leptolyngbya PCC-6306	0.909090909
36f50b7cf744d8dff8fd215556b556c9	D_0__Bacteria; D_1__Cyanobacteria; D_2__Oxyphotobacteria; D_3__Leptolyngbyales; D_4__Leptolyngbyaceae; D_5__Leptolyngbya PCC-6306	0.909090909
7b23cfe8efed02f4d0bbed30e32e75c0	D_0__Bacteria; D_1__Cyanobacteria; D_2__Oxyphotobacteria; D_3__Leptolyngbyales; D_4__Leptolyngbyaceae; D_5__Leptolyngbya PCC-6306; D_6__uncultured bacterium	0.545454545
aa5e24ebf3c22094f08a605692a64ce5	D_0__Bacteria; D_1__Cyanobacteria; D_2__Oxyphotobacteria; D_3__Limnotrichales; D_4__Limnotrichaceae; D_5__Limnothrix	0.909090909
5c58ad86dbfebfade55da92dc4f3a3d2	D_0__Bacteria; D_1__Cyanobacteria; D_2__Oxyphotobacteria; D_3__Nostocales	0.909090909
cc2113311402b7dfe5299a16dd19c3eb	D_0__Bacteria; D_1__Cyanobacteria; D_2__Oxyphotobacteria; D_3__Nostocales	0.833333333
6bc67a1e691156c7c76af39e13e3f065	D_0__Bacteria; D_1__Cyanobacteria; D_2__Oxyphotobacteria; D_3__Nostocales	0.833333333
ba9c5dfb99cec0f608e4ed0cb17b25bc	D_0__Bacteria; D_1__Cyanobacteria; D_2__Oxyphotobacteria; D_3__Nostocales	0.833333333
0e73865e5a430644acb56937bc5b0da5	D_0__Bacteria; D_1__Cyanobacteria; D_2__Oxyphotobacteria; D_3__Nostocales	0.833333333
15fb1ccb0053ef5a1a3537065edef0d8	D_0__Bacteria; D_1__Cyanobacteria; D_2__Oxyphotobacteria; D_3__Nostocales	0.909090909
d699593bebd4800727304d8ed038be1f	D_0__Bacteria; D_1__Cyanobacteria; D_2__Oxyphotobacteria; D_3__Nostocales	0.833333333
cef907f7c9f5b7194fcc89fbc1831478	D_0__Bacteria; D_1__Cyanobacteria; D_2__Oxyphotobacteria; D_3__Nostocales	0.833333333
c9a05d10a05b20b073ff553dbadd604b	D_0__Bacteria; D_1__Cyanobacteria; D_2__Oxyphotobacteria; D_3__Nostocales	0.833333333
319d2b85c5dae2fcae6eb32a59bb2ee6	D_0__Bacteria; D_1__Cyanobacteria; D_2__Oxyphotobacteria; D_3__Nostocales	0.833333333
39bbc0008caeb38ed4dc44ff442c7fe2	D_0__Bacteria; D_1__Cyanobacteria; D_2__Oxyphotobacteria; D_3__Nostocales	0.833333333
ff5457838ee70173f9839023be6e8792	D_0__Bacteria; D_1__Cyanobacteria; D_2__Oxyphotobacteria; D_3__Nostocales	0.833333333
aa78987e233104f74682a84bc2c55fcd	D_0__Bacteria; D_1__Cyanobacteria; D_2__Oxyphotobacteria; D_3__Nostocales	0.833333333
3c0d18cd951609b211b270b8f6c9ad59	D_0__Bacteria; D_1__Cyanobacteria; D_2__Oxyphotobacteria; D_3__Nostocales	0.909090909
ec6cd71535e46f949361e2d440246e68	D_0__Bacteria; D_1__Cyanobacteria; D_2__Oxyphotobacteria; D_3__Nostocales	0.833333333
eee787cc81ab23fdc6e02ea542197c0d	D_0__Bacteria; D_1__Cyanobacteria; D_2__Oxyphotobacteria; D_3__Nostocales	0.833333333
08d2db6388363f3b518a4ca979915bcc	D_0__Bacteria; D_1__Cyanobacteria; D_2__Oxyphotobacteria; D_3__Nostocales	0.833333333
af02f6901ae6293fcb1d10cc4a8b8c6c	D_0__Bacteria; D_1__Cyanobacteria; D_2__Oxyphotobacteria; D_3__Nostocales	0.833333333
b0e96a4520c52ef681c4c7d504409eaa	D_0__Bacteria; D_1__Cyanobacteria; D_2__Oxyphotobacteria; D_3__Nostocales	0.833333333
463e82a3dad8cf71ce7d309c53c76d98	D_0__Bacteria; D_1__Cyanobacteria; D_2__Oxyphotobacteria; D_3__Nostocales	0.909090909
b8c6b1713e63a4a449ea829f0c0832ac	D_0__Bacteria; D_1__Cyanobacteria; D_2__Oxyphotobacteria; D_3__Nostocales	0.833333333
ab1346047cb690bb513ab32bbed6b949	D_0__Bacteria; D_1__Cyanobacteria; D_2__Oxyphotobacteria; D_3__Nostocales	1
b2dc9d6309663ca7791cd3bf8eca8d5d	D_0__Bacteria; D_1__Cyanobacteria; D_2__Oxyphotobacteria; D_3__Nostocales	0.833333333
cf41e88fc09b2f97a2596c8f11324ce3	D_0__Bacteria; D_1__Cyanobacteria; D_2__Oxyphotobacteria; D_3__Nostocales	0.833333333
2a66b153b52191cf79eb8951dc5d6e8a	D_0__Bacteria; D_1__Cyanobacteria; D_2__Oxyphotobacteria; D_3__Nostocales; D_4__Chroococcidiopsaceae	0.833333333
139eddd36da651e6f96bc0e5dc54605c	D_0__Bacteria; D_1__Cyanobacteria; D_2__Oxyphotobacteria; D_3__Nostocales; D_4__Chroococcidiopsaceae	0.833333333
3ea9c7ffc72cc80db77e6895a73e7424	D_0__Bacteria; D_1__Cyanobacteria; D_2__Oxyphotobacteria; D_3__Nostocales; D_4__Chroococcidiopsaceae	0.583333333
899c2f5a7eb215cb1c3d319c35e7be1d	D_0__Bacteria; D_1__Cyanobacteria; D_2__Oxyphotobacteria; D_3__Nostocales; D_4__Chroococcidiopsaceae	0.666666667
8f6e5c311b828d9062764360cfe21467	D_0__Bacteria; D_1__Cyanobacteria; D_2__Oxyphotobacteria; D_3__Nostocales; D_4__Chroococcidiopsaceae	0.75
25e986c8e4fa70dcd099b14f23d47fb6	D_0__Bacteria; D_1__Cyanobacteria; D_2__Oxyphotobacteria; D_3__Nostocales; D_4__Chroococcidiopsaceae	0.75
72cbe6a592707d23ea58e69e3ee0cfbe	D_0__Bacteria; D_1__Cyanobacteria; D_2__Oxyphotobacteria; D_3__Nostocales; D_4__Chroococcidiopsaceae	0.583333333
5faae7778824ed5dd7043d5720a29b5c	D_0__Bacteria; D_1__Cyanobacteria; D_2__Oxyphotobacteria; D_3__Nostocales; D_4__Chroococcidiopsaceae	0.545454545
d02123647e63025e3d493513bc7bacd1	D_0__Bacteria; D_1__Cyanobacteria; D_2__Oxyphotobacteria; D_3__Nostocales; D_4__Chroococcidiopsaceae	0.6
d8fc7aed012fd87aeaa732ac1bf87286	D_0__Bacteria; D_1__Cyanobacteria; D_2__Oxyphotobacteria; D_3__Nostocales; D_4__Chroococcidiopsaceae; D_5__Chroococcidiopsis PCC 7203	0.833333333
8f24b32220d4cd68e425c93ad29bfd5f	D_0__Bacteria; D_1__Cyanobacteria; D_2__Oxyphotobacteria; D_3__Nostocales; D_4__Chroococcidiopsaceae; D_5__Chroococcidiopsis PCC 7203	0.909090909
cc092606d14a47a2a652dfe120c983b5	D_0__Bacteria; D_1__Cyanobacteria; D_2__Oxyphotobacteria; D_3__Nostocales; D_4__Chroococcidiopsaceae; D_5__Chroococcidiopsis PCC 7203	0.833333333
ceebcbdb16532605c68683a229c65e7e	D_0__Bacteria; D_1__Cyanobacteria; D_2__Oxyphotobacteria; D_3__Nostocales; D_4__Chroococcidiopsaceae; D_5__Chroococcidiopsis PCC 7203	0.833333333
ce8d11725bccc312057db307f5c5c3a6	D_0__Bacteria; D_1__Cyanobacteria; D_2__Oxyphotobacteria; D_3__Nostocales; D_4__Chroococcidiopsaceae; D_5__uncultured	0.583333333
c80644a8f7f88cdc41ef3661cbc07917	D_0__Bacteria; D_1__Cyanobacteria; D_2__Oxyphotobacteria; D_3__Nostocales; D_4__Chroococcidiopsaceae; D_5__uncultured; D_6__uncultured bacterium	0.583333333
6a5bd1e50ce24f950be4adc78d104cd6	D_0__Bacteria; D_1__Cyanobacteria; D_2__Oxyphotobacteria; D_3__Nostocales; D_4__Chroococcidiopsaceae; D_5__uncultured; D_6__uncultured bacterium	0.545454545
0cc4d427005d7f8da69ab21f3d782f11	D_0__Bacteria; D_1__Cyanobacteria; D_2__Oxyphotobacteria; D_3__Nostocales; D_4__Chroococcidiopsaceae; D_5__uncultured; D_6__uncultured bacterium	0.666666667
171500fca05a4f24de9ad1cfdfd869d4	D_0__Bacteria; D_1__Cyanobacteria; D_2__Oxyphotobacteria; D_3__Nostocales; D_4__Chroococcidiopsaceae; D_5__uncultured; D_6__uncultured bacterium	0.666666667
789ad9b65c4468f73993f4f180b1bb40	D_0__Bacteria; D_1__Cyanobacteria; D_2__Oxyphotobacteria; D_3__Nostocales; D_4__Chroococcidiopsaceae; D_5__uncultured; D_6__uncultured bacterium	0.636363636
dc02d4c5a28d5f30724c12f137afa8d5	D_0__Bacteria; D_1__Cyanobacteria; D_2__Oxyphotobacteria; D_3__Nostocales; D_4__Chroococcidiopsaceae; D_5__uncultured; D_6__uncultured bacterium	0.833333333
fcc5e7e821810aa6fbb3687a767a967f	D_0__Bacteria; D_1__Cyanobacteria; D_2__Oxyphotobacteria; D_3__Nostocales; D_4__Chroococcidiopsaceae; D_5__uncultured; D_6__uncultured bacterium	0.583333333
23fe1f307af716a81238e17ad0ec6f17	D_0__Bacteria; D_1__Cyanobacteria; D_2__Oxyphotobacteria; D_3__Nostocales; D_4__Chroococcidiopsaceae; D_5__uncultured; D_6__uncultured bacterium	0.666666667
8dbc3b8a250b1d1688b4bdac7017a180	D_0__Bacteria; D_1__Cyanobacteria; D_2__Oxyphotobacteria; D_3__Nostocales; D_4__Chroococcidiopsaceae; D_5__uncultured; D_6__uncultured bacterium	0.545454545
11bfdf79e0084b0d176cf41c852ed40b	D_0__Bacteria; D_1__Cyanobacteria; D_2__Oxyphotobacteria; D_3__Nostocales; D_4__Chroococcidiopsaceae; D_5__uncultured; D_6__uncultured bacterium	0.75
d25f844b4d5ee8ca5ade3c7b11f69d6d	D_0__Bacteria; D_1__Cyanobacteria; D_2__Oxyphotobacteria; D_3__Nostocales; D_4__Chroococcidiopsaceae; D_5__uncultured; D_6__uncultured bacterium	0.545454545
cd323b5354cbd8968ec169a3cef51c18	D_0__Bacteria; D_1__Cyanobacteria; D_2__Oxyphotobacteria; D_3__Nostocales; D_4__Chroococcidiopsaceae; D_5__uncultured; D_6__uncultured bacterium	0.666666667
c623e09462381a08549eee35dc0550eb	D_0__Bacteria; D_1__Cyanobacteria; D_2__Oxyphotobacteria; D_3__Nostocales; D_4__Chroococcidiopsaceae; D_5__uncultured; D_6__uncultured bacterium	0.583333333
83cc21e44d76d209bd1c1b9d7964813c	D_0__Bacteria; D_1__Cyanobacteria; D_2__Oxyphotobacteria; D_3__Nostocales; D_4__Coleofasciculaceae	0.833333333
6446c1d2d0a290d5cebcb1fee55d6bf0	D_0__Bacteria; D_1__Cyanobacteria; D_2__Oxyphotobacteria; D_3__Nostocales; D_4__Coleofasciculaceae	0.666666667
1f997fdf3180072d04af265aabe1eb42	D_0__Bacteria; D_1__Cyanobacteria; D_2__Oxyphotobacteria; D_3__Nostocales; D_4__Coleofasciculaceae	0.75
b6656b7582601f74920eac629e313133	D_0__Bacteria; D_1__Cyanobacteria; D_2__Oxyphotobacteria; D_3__Nostocales; D_4__Coleofasciculaceae	0.833333333
e9572e47704de5f33961e9948efef8a2	D_0__Bacteria; D_1__Cyanobacteria; D_2__Oxyphotobacteria; D_3__Nostocales; D_4__Coleofasciculaceae	0.75
1b059482663b10c964f4834939baba78	D_0__Bacteria; D_1__Cyanobacteria; D_2__Oxyphotobacteria; D_3__Nostocales; D_4__Coleofasciculaceae	0.818181818
fdb01d9f6c0aa45fa3a90295df217427	D_0__Bacteria; D_1__Cyanobacteria; D_2__Oxyphotobacteria; D_3__Nostocales; D_4__Coleofasciculaceae	0.833333333
2f66923c7b2759626ac2032ddffa9875	D_0__Bacteria; D_1__Cyanobacteria; D_2__Oxyphotobacteria; D_3__Nostocales; D_4__Coleofasciculaceae	0.75
49754e88151ddb1d2461920f84bbbb72	D_0__Bacteria; D_1__Cyanobacteria; D_2__Oxyphotobacteria; D_3__Nostocales; D_4__Coleofasciculaceae	0.833333333
0e0d8e47651019016ff0207f717e9bc7	D_0__Bacteria; D_1__Cyanobacteria; D_2__Oxyphotobacteria; D_3__Nostocales; D_4__Coleofasciculaceae	0.833333333
ea7d44b21ca35e521ce43587630f04d9	D_0__Bacteria; D_1__Cyanobacteria; D_2__Oxyphotobacteria; D_3__Nostocales; D_4__Coleofasciculaceae	0.833333333
e361801cb0aa134911dabf78b7829c1b	D_0__Bacteria; D_1__Cyanobacteria; D_2__Oxyphotobacteria; D_3__Nostocales; D_4__Coleofasciculaceae	0.727272727
ae5366d4d72b23d3cee87ade4556ef13	D_0__Bacteria; D_1__Cyanobacteria; D_2__Oxyphotobacteria; D_3__Nostocales; D_4__Coleofasciculaceae	0.833333333
1d41583c1b3a50c046e841ae218786da	D_0__Bacteria; D_1__Cyanobacteria; D_2__Oxyphotobacteria; D_3__Nostocales; D_4__Coleofasciculaceae	0.833333333
ea30dd4cb19dc55cdaf6aa8b418b8148	D_0__Bacteria; D_1__Cyanobacteria; D_2__Oxyphotobacteria; D_3__Nostocales; D_4__Coleofasciculaceae	0.769230769
1d0789ee7a06928b3f4003abdb95719c	D_0__Bacteria; D_1__Cyanobacteria; D_2__Oxyphotobacteria; D_3__Nostocales; D_4__Coleofasciculaceae	0.833333333
fa7b484a064f7385af2762ae02979669	D_0__Bacteria; D_1__Cyanobacteria; D_2__Oxyphotobacteria; D_3__Nostocales; D_4__Coleofasciculaceae	0.636363636
772fec0f3b55e994ba7d4287e6fb9b85	D_0__Bacteria; D_1__Cyanobacteria; D_2__Oxyphotobacteria; D_3__Nostocales; D_4__Coleofasciculaceae	0.7
380ae45c9aadc7a017ec96fd1f87d93e	D_0__Bacteria; D_1__Cyanobacteria; D_2__Oxyphotobacteria; D_3__Nostocales; D_4__Coleofasciculaceae	1
7e6a7f5da294d28d685a56571b82733d	D_0__Bacteria; D_1__Cyanobacteria; D_2__Oxyphotobacteria; D_3__Nostocales; D_4__Coleofasciculaceae	1
afbc3bae98e17589e71589eb53a30f87	D_0__Bacteria; D_1__Cyanobacteria; D_2__Oxyphotobacteria; D_3__Nostocales; D_4__Coleofasciculaceae	1
b8a157273e384ccab958b0dab42b01b4	D_0__Bacteria; D_1__Cyanobacteria; D_2__Oxyphotobacteria; D_3__Nostocales; D_4__Coleofasciculaceae	0.8
10b4b9f7e00943c431df4e71af0b8fc8	D_0__Bacteria; D_1__Cyanobacteria; D_2__Oxyphotobacteria; D_3__Nostocales; D_4__Cyanobacteriaceae; D_5__Annamia HOs24	0.6
386b0ba109d8743b04177368b92d1fb3	D_0__Bacteria; D_1__Cyanobacteria; D_2__Oxyphotobacteria; D_3__Nostocales; D_4__Microcystaceae	0.727272727
75c1cb2d040f5249a6c0fc900a7669e9	D_0__Bacteria; D_1__Cyanobacteria; D_2__Oxyphotobacteria; D_3__Nostocales; D_4__Microcystaceae	0.909090909
4266b7af63fd7871227d1512d2151b5d	D_0__Bacteria; D_1__Cyanobacteria; D_2__Oxyphotobacteria; D_3__Nostocales; D_4__Microcystaceae	0.909090909
a0c703bb1268647264e9a03a434750c2	D_0__Bacteria; D_1__Cyanobacteria; D_2__Oxyphotobacteria; D_3__Nostocales; D_4__Microcystaceae	0.727272727
9ecf3df2375fe229e8584d67d01f8f5d	D_0__Bacteria; D_1__Cyanobacteria; D_2__Oxyphotobacteria; D_3__Nostocales; D_4__Microcystaceae	0.727272727
036170f51b78bf35a0be7f4b36f117e0	D_0__Bacteria; D_1__Cyanobacteria; D_2__Oxyphotobacteria; D_3__Nostocales; D_4__Microcystaceae	0.75
28c93c0d32c73e5397892f3a4689f7bf	D_0__Bacteria; D_1__Cyanobacteria; D_2__Oxyphotobacteria; D_3__Nostocales; D_4__Microcystaceae	0.75
082b78ec410ecb1db202257335e1176a	D_0__Bacteria; D_1__Cyanobacteria; D_2__Oxyphotobacteria; D_3__Nostocales; D_4__Microcystaceae	0.909090909
dddcebed6aee6c724972d2b001e51b33	D_0__Bacteria; D_1__Cyanobacteria; D_2__Oxyphotobacteria; D_3__Nostocales; D_4__Microcystaceae; D_5__Chalicogloea CCALA 975	0.909090909
6209fc0196ac35d3b31617369bf2aee8	D_0__Bacteria; D_1__Cyanobacteria; D_2__Oxyphotobacteria; D_3__Nostocales; D_4__Microcystaceae; D_5__Chalicogloea CCALA 975	0.727272727
095af17dec86ceba86be08abfff1e431	D_0__Bacteria; D_1__Cyanobacteria; D_2__Oxyphotobacteria; D_3__Nostocales; D_4__Microcystaceae; D_5__Chalicogloea CCALA 975	0.727272727
70d3214359f9cbce894cbf26e5e2c93e	D_0__Bacteria; D_1__Cyanobacteria; D_2__Oxyphotobacteria; D_3__Nostocales; D_4__Microcystaceae; D_5__Chalicogloea CCALA 975	0.636363636
9f244ef658394443133c774ea0453cb6	D_0__Bacteria; D_1__Cyanobacteria; D_2__Oxyphotobacteria; D_3__Nostocales; D_4__Microcystaceae; D_5__Microcystis PCC-7914	1
33b33edda217fb985b2da978f100377e	D_0__Bacteria; D_1__Cyanobacteria; D_2__Oxyphotobacteria; D_3__Nostocales; D_4__Microcystaceae; D_5__Synechocystis PCC-6803	0.583333333
d13a65c5781a6c6c9fe8f5b4f684c586	D_0__Bacteria; D_1__Cyanobacteria; D_2__Oxyphotobacteria; D_3__Nostocales; D_4__Microcystaceae; D_5__Synechocystis PCC-6803	0.833333333
7d0f780def51dd7fe34cb6756d955297	D_0__Bacteria; D_1__Cyanobacteria; D_2__Oxyphotobacteria; D_3__Nostocales; D_4__Microcystaceae; D_5__Synechocystis PCC-6803	0.909090909
9f8a1c4ba48dc60418827028d614e0aa	D_0__Bacteria; D_1__Cyanobacteria; D_2__Oxyphotobacteria; D_3__Nostocales; D_4__Nostocaceae	0.818181818
586d0f5852f4715e0ac473540c200cb1	D_0__Bacteria; D_1__Cyanobacteria; D_2__Oxyphotobacteria; D_3__Nostocales; D_4__Nostocaceae	0.818181818
14abb147b26e1698158e37e256754674	D_0__Bacteria; D_1__Cyanobacteria; D_2__Oxyphotobacteria; D_3__Nostocales; D_4__Nostocaceae	0.833333333
e04e74dfd11dfeb097041b32d5dfe544	D_0__Bacteria; D_1__Cyanobacteria; D_2__Oxyphotobacteria; D_3__Nostocales; D_4__Nostocaceae	0.909090909
176bdb6771f8927957e62e21fcfdc3f3	D_0__Bacteria; D_1__Cyanobacteria; D_2__Oxyphotobacteria; D_3__Nostocales; D_4__Nostocaceae	0.833333333
dbab7e94f83a65ec0235a7c5164c618c	D_0__Bacteria; D_1__Cyanobacteria; D_2__Oxyphotobacteria; D_3__Nostocales; D_4__Nostocaceae	0.909090909
93b32c27f0d805b68575464b958abf2d	D_0__Bacteria; D_1__Cyanobacteria; D_2__Oxyphotobacteria; D_3__Nostocales; D_4__Nostocaceae	0.833333333
3d766e9130d89dfb9feb88248eb1af1c	D_0__Bacteria; D_1__Cyanobacteria; D_2__Oxyphotobacteria; D_3__Nostocales; D_4__Nostocaceae	0.833333333
9ee1698a6081a025d3501c80ba5405a0	D_0__Bacteria; D_1__Cyanobacteria; D_2__Oxyphotobacteria; D_3__Nostocales; D_4__Nostocaceae	0.833333333
d6bccffd66abbd0744ef8f550935bf25	D_0__Bacteria; D_1__Cyanobacteria; D_2__Oxyphotobacteria; D_3__Nostocales; D_4__Nostocaceae	0.833333333
3db2f44221c519a087b1405134e900ac	D_0__Bacteria; D_1__Cyanobacteria; D_2__Oxyphotobacteria; D_3__Nostocales; D_4__Nostocaceae	0.833333333
5b97cd33aff229162b99e40354f48b6a	D_0__Bacteria; D_1__Cyanobacteria; D_2__Oxyphotobacteria; D_3__Nostocales; D_4__Nostocaceae	0.833333333
19a4793bdd999c5cf83130e229731527	D_0__Bacteria; D_1__Cyanobacteria; D_2__Oxyphotobacteria; D_3__Nostocales; D_4__Nostocaceae	0.583333333
24dab8e1aa759db9b8c146c19e5e3b66	D_0__Bacteria; D_1__Cyanobacteria; D_2__Oxyphotobacteria; D_3__Nostocales; D_4__Nostocaceae	0.833333333
984f56944c3eda3d53916554e3f1084e	D_0__Bacteria; D_1__Cyanobacteria; D_2__Oxyphotobacteria; D_3__Nostocales; D_4__Nostocaceae	0.833333333
ac2b36983d04e77d2b27bbc87164ba4f	D_0__Bacteria; D_1__Cyanobacteria; D_2__Oxyphotobacteria; D_3__Nostocales; D_4__Nostocaceae	0.833333333
a6fb837a631d2d2e86e68889d214fe68	D_0__Bacteria; D_1__Cyanobacteria; D_2__Oxyphotobacteria; D_3__Nostocales; D_4__Nostocaceae	0.6
d1b40b8e22651d62f0d8444a3469cebf	D_0__Bacteria; D_1__Cyanobacteria; D_2__Oxyphotobacteria; D_3__Nostocales; D_4__Nostocaceae	0.833333333
2c55e878efd9581187437573825bf96e	D_0__Bacteria; D_1__Cyanobacteria; D_2__Oxyphotobacteria; D_3__Nostocales; D_4__Nostocaceae; D_5__Calothrix PCC-6303	0.909090909
39990f8f832d9a2bb4820e6b658bb0cb	D_0__Bacteria; D_1__Cyanobacteria; D_2__Oxyphotobacteria; D_3__Nostocales; D_4__Nostocaceae; D_5__Calothrix PCC-6303	0.909090909
c26c0ce3aed3ffd76538d65fcea0cf33	D_0__Bacteria; D_1__Cyanobacteria; D_2__Oxyphotobacteria; D_3__Nostocales; D_4__Nostocaceae; D_5__Calothrix PCC-6303	0.909090909
8dbe4f8f38290ca8aa42406bcf8cc6c5	D_0__Bacteria; D_1__Cyanobacteria; D_2__Oxyphotobacteria; D_3__Nostocales; D_4__Nostocaceae; D_5__Calothrix PCC-6303	0.833333333
ca6e827e03759128162ffc92cd76992d	D_0__Bacteria; D_1__Cyanobacteria; D_2__Oxyphotobacteria; D_3__Nostocales; D_4__Nostocaceae; D_5__Desmonostoc PCC-7422	0.833333333
d99cdb6ad67adef7c300c9ac8a66fe67	D_0__Bacteria; D_1__Cyanobacteria; D_2__Oxyphotobacteria; D_3__Nostocales; D_4__Nostocaceae; D_5__Desmonostoc PCC-7422	0.75
d8e724f72db42780dce9115226e60e10	D_0__Bacteria; D_1__Cyanobacteria; D_2__Oxyphotobacteria; D_3__Nostocales; D_4__Nostocaceae; D_5__Fischerella PCC-9339	0.909090909
1cfd658f652f82e8f3a16af4822bd020	D_0__Bacteria; D_1__Cyanobacteria; D_2__Oxyphotobacteria; D_3__Nostocales; D_4__Nostocaceae; D_5__Fischerella PCC-9339	0.833333333
38cb614787df19e99e381611d602bda3	D_0__Bacteria; D_1__Cyanobacteria; D_2__Oxyphotobacteria; D_3__Nostocales; D_4__Nostocaceae; D_5__Fischerella PCC-9339	0.636363636
40b4b6d64ea6ab2f0e9614dfcec3b02f	D_0__Bacteria; D_1__Cyanobacteria; D_2__Oxyphotobacteria; D_3__Nostocales; D_4__Nostocaceae; D_5__Fischerella PCC-9339	0.833333333
69fe6dee60706ac112eab3d59ed1afd6	D_0__Bacteria; D_1__Cyanobacteria; D_2__Oxyphotobacteria; D_3__Nostocales; D_4__Nostocaceae; D_5__Nostoc PCC-73102	0.833333333
8a9256b3b36966f5d2800f205d959860	D_0__Bacteria; D_1__Cyanobacteria; D_2__Oxyphotobacteria; D_3__Nostocales; D_4__Nostocaceae; D_5__Nostoc PCC-73102	0.545454545
8c1ecd61bc689a9b1a7b530dda507a26	D_0__Bacteria; D_1__Cyanobacteria; D_2__Oxyphotobacteria; D_3__Nostocales; D_4__Nostocaceae; D_5__Nostoc PCC-73102	0.833333333
f935dcc1f99d2e21b953f50eef8477a3	D_0__Bacteria; D_1__Cyanobacteria; D_2__Oxyphotobacteria; D_3__Nostocales; D_4__Nostocaceae; D_5__Nostoc PCC-73102	0.833333333
37356496360e7d00a9d6c081758460e3	D_0__Bacteria; D_1__Cyanobacteria; D_2__Oxyphotobacteria; D_3__Nostocales; D_4__Nostocaceae; D_5__Nostoc PCC-73102	0.909090909
57b1858b8af82720787344845a60f590	D_0__Bacteria; D_1__Cyanobacteria; D_2__Oxyphotobacteria; D_3__Nostocales; D_4__Nostocaceae; D_5__Scytonema PCC-7110	0.636363636
f3695474d6f16dcaee8d723c4eaec699	D_0__Bacteria; D_1__Cyanobacteria; D_2__Oxyphotobacteria; D_3__Nostocales; D_4__Nostocaceae; D_5__Scytonema PCC-7110	0.636363636
9cf9b762f4dbcea61adb89d9e0b852a7	D_0__Bacteria; D_1__Cyanobacteria; D_2__Oxyphotobacteria; D_3__Nostocales; D_4__Nostocaceae; D_5__Scytonema PCC-7110	0.545454545
c0c99a24c7b9a92c51700b57485734c1	D_0__Bacteria; D_1__Cyanobacteria; D_2__Oxyphotobacteria; D_3__Nostocales; D_4__Nostocaceae; D_5__Scytonema PCC-7110	0.545454545
197caffe01e1de4517713abd8a2e3430	D_0__Bacteria; D_1__Cyanobacteria; D_2__Oxyphotobacteria; D_3__Nostocales; D_4__Nostocaceae; D_5__Scytonema PCC-7110	0.727272727
0f11a14cbe9b74d2c9ab6e934eef9649	D_0__Bacteria; D_1__Cyanobacteria; D_2__Oxyphotobacteria; D_3__Nostocales; D_4__Nostocaceae; D_5__Scytonema UTEX 2349	0.833333333
0dfc7c12fd14ee4fc2f1da46397c6088	D_0__Bacteria; D_1__Cyanobacteria; D_2__Oxyphotobacteria; D_3__Nostocales; D_4__Nostocaceae; D_5__Scytonema UTEX 2349	0.833333333
eb7546c5e2e02ab536878be8aaca7468	D_0__Bacteria; D_1__Cyanobacteria; D_2__Oxyphotobacteria; D_3__Nostocales; D_4__Nostocaceae; D_5__Scytonema UTEX 2349	0.833333333
f7564812b72d5ae1254e3e9461593a3a	D_0__Bacteria; D_1__Cyanobacteria; D_2__Oxyphotobacteria; D_3__Nostocales; D_4__Nostocaceae; D_5__Scytonema UTEX 2349	0.666666667
59b4898c37de9c326405546b293016d0	D_0__Bacteria; D_1__Cyanobacteria; D_2__Oxyphotobacteria; D_3__Nostocales; D_4__Nostocaceae; D_5__Scytonema UTEX 2349	0.833333333
6bb06a552253037bded8740599f2539b	D_0__Bacteria; D_1__Cyanobacteria; D_2__Oxyphotobacteria; D_3__Nostocales; D_4__Nostocaceae; D_5__Scytonema UTEX 2349	1
ee9d2a106b5143a1e043a7f03d0d1dee	D_0__Bacteria; D_1__Cyanobacteria; D_2__Oxyphotobacteria; D_3__Nostocales; D_4__Nostocaceae; D_5__Scytonema UTEX 2349; D_6__uncultured bacterium	0.666666667
4f297517f0846e88e15e58c582de5cae	D_0__Bacteria; D_1__Cyanobacteria; D_2__Oxyphotobacteria; D_3__Nostocales; D_4__Nostocaceae; D_5__Scytonema VB-61278	0.833333333
86b83eeee9a6baee4985f57e1dc483c5	D_0__Bacteria; D_1__Cyanobacteria; D_2__Oxyphotobacteria; D_3__Nostocales; D_4__Nostocaceae; D_5__Scytonema VB-61278	0.833333333
e281c8d9bafa720c580bb1af4ac076a6	D_0__Bacteria; D_1__Cyanobacteria; D_2__Oxyphotobacteria; D_3__Nostocales; D_4__Nostocaceae; D_5__Scytonema VB-61278	0.833333333
d27028702a64a53ab1c02ffeb0d0e00e	D_0__Bacteria; D_1__Cyanobacteria; D_2__Oxyphotobacteria; D_3__Nostocales; D_4__Nostocaceae; D_5__Scytonema VB-61278	0.833333333
c12e9c0c058777591179d654b454f030	D_0__Bacteria; D_1__Cyanobacteria; D_2__Oxyphotobacteria; D_3__Nostocales; D_4__Nostocaceae; D_5__Scytonema VB-61278	0.833333333
7bb6072bb3029e2492f0bb66c9f19163	D_0__Bacteria; D_1__Cyanobacteria; D_2__Oxyphotobacteria; D_3__Nostocales; D_4__Nostocaceae; D_5__Scytonema VB-61278	0.833333333
15ce7c8adfce498949fb35e49de23bda	D_0__Bacteria; D_1__Cyanobacteria; D_2__Oxyphotobacteria; D_3__Nostocales; D_4__Nostocaceae; D_5__Scytonema VB-61278	0.833333333
9a938caeae4331655bc1d7764f108017	D_0__Bacteria; D_1__Cyanobacteria; D_2__Oxyphotobacteria; D_3__Nostocales; D_4__Nostocaceae; D_5__Scytonema VB-61278	0.833333333
45fdb60309c2fb8aeb961ac51ad40715	D_0__Bacteria; D_1__Cyanobacteria; D_2__Oxyphotobacteria; D_3__Nostocales; D_4__Nostocaceae; D_5__Scytonema VB-61278	0.833333333
e11dacc4968637abd9c84df39877b842	D_0__Bacteria; D_1__Cyanobacteria; D_2__Oxyphotobacteria; D_3__Nostocales; D_4__Nostocaceae; D_5__Scytonema VB-61278	0.75
500a6dcda62f7392eea9c5a1cf10f5b0	D_0__Bacteria; D_1__Cyanobacteria; D_2__Oxyphotobacteria; D_3__Nostocales; D_4__Nostocaceae; D_5__Scytonema VB-61278	0.818181818
b6c294c125264c4a90871df310daced4	D_0__Bacteria; D_1__Cyanobacteria; D_2__Oxyphotobacteria; D_3__Nostocales; D_4__Nostocaceae; D_5__Scytonema VB-61278	0.833333333
d81741b6643ba383b7eac91c1f003326	D_0__Bacteria; D_1__Cyanobacteria; D_2__Oxyphotobacteria; D_3__Nostocales; D_4__Nostocaceae; D_5__Scytonema VB-61278	0.9
4ca00fbc490477530ed7913113bb6d19	D_0__Bacteria; D_1__Cyanobacteria; D_2__Oxyphotobacteria; D_3__Nostocales; D_4__Nostocaceae; D_5__Sphaerospermopsis BCCUSP55	0.545454545
7e97c6cbf3ddaf6d0b3a594d74de27a3	D_0__Bacteria; D_1__Cyanobacteria; D_2__Oxyphotobacteria; D_3__Nostocales; D_4__Nostocaceae; D_5__Tolypothrix PCC-7601	0.75
02803d222f08dba298207f86f330ba62	D_0__Bacteria; D_1__Cyanobacteria; D_2__Oxyphotobacteria; D_3__Nostocales; D_4__Nostocaceae; D_5__Tolypothrix PCC-7601	0.75
4e64954bbd98cf0e37d90da0d7709adc	D_0__Bacteria; D_1__Cyanobacteria; D_2__Oxyphotobacteria; D_3__Nostocales; D_4__Nostocaceae; D_5__Tolypothrix PCC-7601	0.666666667
8eb7669a35261f2b23667f66f8e39e97	D_0__Bacteria; D_1__Cyanobacteria; D_2__Oxyphotobacteria; D_3__Nostocales; D_4__Phormidiaceae	0.75
dab9036d0d6479693151e9e0aa3b026e	D_0__Bacteria; D_1__Cyanobacteria; D_2__Oxyphotobacteria; D_3__Nostocales; D_4__Phormidiaceae; D_5__Cephalothrix SAG 75.79	0.583333333
ec0794810e596e4284372138c2ef3322	D_0__Bacteria; D_1__Cyanobacteria; D_2__Oxyphotobacteria; D_3__Nostocales; D_4__Phormidiaceae; D_5__Kamptonema PCC-6407	0.583333333
20b1bdec005169a8e80217bcf0a19688	D_0__Bacteria; D_1__Cyanobacteria; D_2__Oxyphotobacteria; D_3__Nostocales; D_4__uncultured	0.545454545
f6e63895ea9c274c0e9bf021cc0e4a82	D_0__Bacteria; D_1__Cyanobacteria; D_2__Oxyphotobacteria; D_3__Nostocales; D_4__uncultured; D_5__uncultured bacterium; D_6__uncultured bacterium	0.75
f173ff69a9bd64caf90ede1d66093b06	D_0__Bacteria; D_1__Cyanobacteria; D_2__Oxyphotobacteria; D_3__Nostocales; D_4__Xenococcaceae	0.833333333
430ab4d93fb28d429a9251238dee529a	D_0__Bacteria; D_1__Cyanobacteria; D_2__Oxyphotobacteria; D_3__Nostocales; D_4__Xenococcaceae	0.833333333
c7bb218260a0af1e4694a9346ff1a4df	D_0__Bacteria; D_1__Cyanobacteria; D_2__Oxyphotobacteria; D_3__Nostocales; D_4__Xenococcaceae	0.833333333
12bf7224d2061d33fc40b8354d7b043c	D_0__Bacteria; D_1__Cyanobacteria; D_2__Oxyphotobacteria; D_3__Oxyphotobacteria Incertae Sedis; D_4__Unknown Family	1
1a97ce7e418b1c4a8d1ce1093fdd83f3	D_0__Bacteria; D_1__Cyanobacteria; D_2__Oxyphotobacteria; D_3__Oxyphotobacteria Incertae Sedis; D_4__Unknown Family	0.545454545
3b3f0654dde2d484af4bbcb2c84de67d	D_0__Bacteria; D_1__Cyanobacteria; D_2__Oxyphotobacteria; D_3__Oxyphotobacteria Incertae Sedis; D_4__Unknown Family	0.909090909
7027f599cdf2c3eb8140471c13bec8b9	D_0__Bacteria; D_1__Cyanobacteria; D_2__Oxyphotobacteria; D_3__Oxyphotobacteria Incertae Sedis; D_4__Unknown Family	1
65b86e2efff712e028a996c19ec31c7a	D_0__Bacteria; D_1__Cyanobacteria; D_2__Oxyphotobacteria; D_3__Oxyphotobacteria Incertae Sedis; D_4__Unknown Family; D_5__CENA359	0.909090909
c6a72ce5a0db91843ed3c9814830171b	D_0__Bacteria; D_1__Cyanobacteria; D_2__Oxyphotobacteria; D_3__Oxyphotobacteria Incertae Sedis; D_4__Unknown Family; D_5__CENA359	0.909090909
e01f2ae4ee30ba5468bd60d73e47cbcc	D_0__Bacteria; D_1__Cyanobacteria; D_2__Oxyphotobacteria; D_3__Oxyphotobacteria Incertae Sedis; D_4__Unknown Family; D_5__CENA359	0.909090909
56029a98913f261b5415a3098e9bb826	D_0__Bacteria; D_1__Cyanobacteria; D_2__Oxyphotobacteria; D_3__Oxyphotobacteria Incertae Sedis; D_4__Unknown Family; D_5__EcFYyy-200	0.545454545
8c1fa88cc187276d3a36a5cfef4244a2	D_0__Bacteria; D_1__Cyanobacteria; D_2__Oxyphotobacteria; D_3__Oxyphotobacteria Incertae Sedis; D_4__Unknown Family; D_5__EcFYyy-200	0.545454545
ab6f10616b3f6f33ad862ef0cb5f7464	D_0__Bacteria; D_1__Cyanobacteria; D_2__Oxyphotobacteria; D_3__Oxyphotobacteria Incertae Sedis; D_4__Unknown Family; D_5__EcFYyy-200	0.545454545
3fc7234cf2664c61f8d8da81202f2505	D_0__Bacteria; D_1__Cyanobacteria; D_2__Oxyphotobacteria; D_3__Oxyphotobacteria Incertae Sedis; D_4__Unknown Family; D_5__EcFYyy-200	0.545454545
2bb090c60a1fa2d4597cc0c12b87d5cd	D_0__Bacteria; D_1__Cyanobacteria; D_2__Oxyphotobacteria; D_3__Oxyphotobacteria Incertae Sedis; D_4__Unknown Family; D_5__EcFYyy-200	0.545454545
b13201d51eb322b925c9cdb320ec44d1	D_0__Bacteria; D_1__Cyanobacteria; D_2__Oxyphotobacteria; D_3__Oxyphotobacteria Incertae Sedis; D_4__Unknown Family; D_5__EcFYyy-200	0.545454545
71808980d11adc63ccd6254e0952d12a	D_0__Bacteria; D_1__Cyanobacteria; D_2__Oxyphotobacteria; D_3__Oxyphotobacteria Incertae Sedis; D_4__Unknown Family; D_5__EcFYyy-200	0.545454545
14dfd63cc689c16de9739de4fafd4ab4	D_0__Bacteria; D_1__Cyanobacteria; D_2__Oxyphotobacteria; D_3__Oxyphotobacteria Incertae Sedis; D_4__Unknown Family; D_5__Leptolyngbya ANT.L52.2	0.545454545
8317f81f7f51132e31f15f1a373ceef8	D_0__Bacteria; D_1__Cyanobacteria; D_2__Oxyphotobacteria; D_3__Oxyphotobacteria Incertae Sedis; D_4__Unknown Family; D_5__Leptolyngbya ANT.L52.2	0.909090909
de8f871fedc6cf112b4348e45d26254e	D_0__Bacteria; D_1__Cyanobacteria; D_2__Oxyphotobacteria; D_3__Oxyphotobacteria Incertae Sedis; D_4__Unknown Family; D_5__Leptolyngbya ANT.L52.2	0.909090909
8c42247391476be7064f59f73596bcf4	D_0__Bacteria; D_1__Cyanobacteria; D_2__Oxyphotobacteria; D_3__Oxyphotobacteria Incertae Sedis; D_4__Unknown Family; D_5__Leptolyngbya ANT.L52.2	0.909090909
5b6fc85a4b82508f399abb0300bc550d	D_0__Bacteria; D_1__Cyanobacteria; D_2__Oxyphotobacteria; D_3__Oxyphotobacteria Incertae Sedis; D_4__Unknown Family; D_5__Leptolyngbya ANT.L52.2	0.909090909
016030903229d0bef6c0f6e6027b67a3	D_0__Bacteria; D_1__Cyanobacteria; D_2__Oxyphotobacteria; D_3__Oxyphotobacteria Incertae Sedis; D_4__Unknown Family; D_5__Leptolyngbya ANT.L52.2	1
94759218f1d498e46df79dde92fd5c8c	D_0__Bacteria; D_1__Cyanobacteria; D_2__Oxyphotobacteria; D_3__Oxyphotobacteria Incertae Sedis; D_4__Unknown Family; D_5__Leptolyngbya ANT.L52.2	0.545454545
8f2b69884eeb78097e391f16fad50ad4	D_0__Bacteria; D_1__Cyanobacteria; D_2__Oxyphotobacteria; D_3__Oxyphotobacteria Incertae Sedis; D_4__Unknown Family; D_5__Leptolyngbya ANT.L52.2	0.545454545
acb55503347bec00127aa210c9cab4e8	D_0__Bacteria; D_1__Cyanobacteria; D_2__Oxyphotobacteria; D_3__Oxyphotobacteria Incertae Sedis; D_4__Unknown Family; D_5__Leptolyngbya ANT.L52.2	0.636363636
74382acae9999aeed7b0abd74924113c	D_0__Bacteria; D_1__Cyanobacteria; D_2__Oxyphotobacteria; D_3__Oxyphotobacteria Incertae Sedis; D_4__Unknown Family; D_5__Leptolyngbya ANT.L52.2	0.545454545
4c95993c15970e6dea77c4715e76f2be	D_0__Bacteria; D_1__Cyanobacteria; D_2__Oxyphotobacteria; D_3__Oxyphotobacteria Incertae Sedis; D_4__Unknown Family; D_5__Leptolyngbya ANT.L52.2	0.6
cc2fb64e9d4c24762a404013c2b4a169	D_0__Bacteria; D_1__Cyanobacteria; D_2__Oxyphotobacteria; D_3__Oxyphotobacteria Incertae Sedis; D_4__Unknown Family; D_5__Leptolyngbya ANT.L52.2	0.636363636
19915a7cbd756aac0e282cd4a7416c01	D_0__Bacteria; D_1__Cyanobacteria; D_2__Oxyphotobacteria; D_3__Oxyphotobacteria Incertae Sedis; D_4__Unknown Family; D_5__Leptolyngbya ANT.L52.2	0.9
dd56536dd6651b3ece635e902502fd9c	D_0__Bacteria; D_1__Cyanobacteria; D_2__Oxyphotobacteria; D_3__Oxyphotobacteria Incertae Sedis; D_4__Unknown Family; D_5__Leptolyngbya ANT.L52.2	0.909090909
699f0f842d3632b5d017fa45414894a5	D_0__Bacteria; D_1__Cyanobacteria; D_2__Oxyphotobacteria; D_3__Oxyphotobacteria Incertae Sedis; D_4__Unknown Family; D_5__Leptolyngbya ANT.L52.2	0.909090909
d0a67e4f59e480c85c21a1314de004c7	D_0__Bacteria; D_1__Cyanobacteria; D_2__Oxyphotobacteria; D_3__Oxyphotobacteria Incertae Sedis; D_4__Unknown Family; D_5__Leptolyngbya VRUC 135	0.833333333
ea01fac0f41c4b3935c2fd2b8eb7cf64	D_0__Bacteria; D_1__Cyanobacteria; D_2__Oxyphotobacteria; D_3__Oxyphotobacteria Incertae Sedis; D_4__Unknown Family; D_5__Leptolyngbya VRUC 135	0.818181818
a7e79a87019c68a39f6e80578f5ff573	D_0__Bacteria; D_1__Cyanobacteria; D_2__Oxyphotobacteria; D_3__Oxyphotobacteria Incertae Sedis; D_4__Unknown Family; D_5__Phormidium SAG 37.90	0.909090909
7ea54c11357c2eb0753111d945e47393	D_0__Bacteria; D_1__Cyanobacteria; D_2__Oxyphotobacteria; D_3__Oxyphotobacteria Incertae Sedis; D_4__Unknown Family; D_5__uncultured; D_6__uncultured cyanobacterium	0.909090909
55bc65e792ed026c819356dca576b3dc	D_0__Bacteria; D_1__Cyanobacteria; D_2__Oxyphotobacteria; D_3__Phormidesmiales; D_4__Nodosilineaceae; D_5__Nodosilinea PCC-7104	0.833333333
7a4c0227a28a3b741909d45b21324808	D_0__Bacteria; D_1__Cyanobacteria; D_2__Oxyphotobacteria; D_3__Phormidesmiales; D_4__Nodosilineaceae; D_5__Nodosilinea PCC-7104	0.8
e915f10f0c26d34eac1c71e5cbdca3b5	D_0__Bacteria; D_1__Cyanobacteria; D_2__Oxyphotobacteria; D_3__Phormidesmiales; D_4__Nodosilineaceae; D_5__Nodosilinea PCC-7104	0.769230769
c1427d1d88f4bc1bea83aac2ed75b86c	D_0__Bacteria; D_1__Cyanobacteria; D_2__Oxyphotobacteria; D_3__Pseudanabaenales; D_4__Pseudanabaenaceae; D_5__Pseudanabaena PCC-7429	1
b3f655a723a2b60d0ac20e2e4d6df7de	D_0__Bacteria; D_1__Cyanobacteria; D_2__Oxyphotobacteria; D_3__Pseudanabaenales; D_4__Pseudanabaenaceae; D_5__Pseudanabaena PCC-7429	0.909090909
e2f9a69774e2bee0486b1626f48d2ead	D_0__Bacteria; D_1__Cyanobacteria; D_2__Oxyphotobacteria; D_3__Pseudanabaenales; D_4__Pseudanabaenaceae; D_5__Pseudanabaena PCC-7429	0.909090909
c98c93c93c8065302d4d820fd17d9a6a	D_0__Bacteria; D_1__Cyanobacteria; D_2__Oxyphotobacteria; D_3__Pseudanabaenales; D_4__Pseudanabaenaceae; D_5__Pseudanabaena PCC-7429	1
bb6fc0ced1d26c4b840116fa36fbb814	D_0__Bacteria; D_1__Cyanobacteria; D_2__Oxyphotobacteria; D_3__SepB-3	0.727272727
a413e106591be418ca9ad70a479ea879	D_0__Bacteria; D_1__Cyanobacteria; D_2__Oxyphotobacteria; D_3__Synechococcales; D_4__Cyanobiaceae; D_5__Cyanobium PCC-6307	1
884ac3b675dc43d00481072c10544882	D_0__Bacteria; D_1__Cyanobacteria; D_2__Oxyphotobacteria; D_3__Synechococcales; D_4__Cyanobiaceae; D_5__Cyanobium PCC-6307	1
fa18d4147f6b1476ffed36a9ced2d299	D_0__Bacteria; D_1__Cyanobacteria; D_2__Oxyphotobacteria; D_3__Synechococcales; D_4__Cyanobiaceae; D_5__Cyanobium PCC-6307	0.909090909
a880ed2d41968971f4fce9e649b40160	D_0__Bacteria; D_1__Cyanobacteria; D_2__Oxyphotobacteria; D_3__Synechococcales; D_4__Cyanobiaceae; D_5__Cyanobium PCC-6307	0.909090909
ad7ba2e1bcc7fe895f41a66e3eff2377	D_0__Bacteria; D_1__Cyanobacteria; D_2__Oxyphotobacteria; D_3__Synechococcales; D_4__Cyanobiaceae; D_5__Cyanobium PCC-6307	1
b9de2978770b6f3d16953f5ccf05d5e2	D_0__Bacteria; D_1__Cyanobacteria; D_2__Oxyphotobacteria; D_3__Synechococcales; D_4__Cyanobiaceae; D_5__Cyanobium PCC-6307	1
ac791f91876a39deab1fc6772d0d867f	D_0__Bacteria; D_1__Cyanobacteria; D_2__Oxyphotobacteria; D_3__Synechococcales; D_4__Cyanobiaceae; D_5__Cyanobium PCC-6307	1
c46cc6804e83938c01e2ecaa762fbb77	D_0__Bacteria; D_1__Cyanobacteria; D_2__Oxyphotobacteria; D_3__Synechococcales; D_4__Cyanobiaceae; D_5__Cyanobium PCC-6307	1
17dcfa65f44cba0ab3b40cd5096910c4	D_0__Bacteria; D_1__Cyanobacteria; D_2__Oxyphotobacteria; D_3__Synechococcales; D_4__Cyanobiaceae; D_5__Cyanobium PCC-6307	0.909090909
a99938f5e49570616483a088150b3ec2	D_0__Bacteria; D_1__Cyanobacteria; D_2__Oxyphotobacteria; D_3__Synechococcales; D_4__Cyanobiaceae; D_5__Cyanobium PCC-6307	0.909090909
bb290f1100ef832ac7e22f3b65da5df9	D_0__Bacteria; D_1__Cyanobacteria; D_2__Oxyphotobacteria; D_3__Synechococcales; D_4__Cyanobiaceae; D_5__Cyanobium PCC-6307	0.909090909
b86fe81e85d448e9ea9b9ba53af83549	D_0__Bacteria; D_1__Cyanobacteria; D_2__Oxyphotobacteria; D_3__Synechococcales; D_4__Cyanobiaceae; D_5__Cyanobium PCC-6307	1
a4c098d684556a8a4c93724fad92023e	D_0__Bacteria; D_1__Cyanobacteria; D_2__Oxyphotobacteria; D_3__Synechococcales; D_4__Cyanobiaceae; D_5__Cyanobium PCC-6307	0.909090909
1ab8643025ab5c9602c544b9db313573	D_0__Bacteria; D_1__Cyanobacteria; D_2__Oxyphotobacteria; D_3__Synechococcales; D_4__Cyanobiaceae; D_5__Cyanobium PCC-6307	1
63e5631c3b351a0c5f071e71468e79e8	D_0__Bacteria; D_1__Cyanobacteria; D_2__Oxyphotobacteria; D_3__Synechococcales; D_4__Cyanobiaceae; D_5__Cyanobium PCC-6307	1
a496b1339f863de1c0eb8a324be51340	D_0__Bacteria; D_1__Cyanobacteria; D_2__Oxyphotobacteria; D_3__Synechococcales; D_4__Cyanobiaceae; D_5__Cyanobium PCC-6307	1
ff63dac466ce77826dc91092c710f34a	D_0__Bacteria; D_1__Cyanobacteria; D_2__Oxyphotobacteria; D_3__Synechococcales; D_4__Cyanobiaceae; D_5__Cyanobium PCC-6307; D_6__uncultured bacterium	0.727272727
6027aafc7b42a510f996fde4ac7f330c	D_0__Bacteria; D_1__Cyanobacteria; D_2__Oxyphotobacteria; D_3__Synechococcales; D_4__Cyanobiaceae; D_5__Cyanobium PCC-6307; D_6__uncultured bacterium	0.727272727
e0fc9c7fb36c553bc21cc30851fc11e6	D_0__Bacteria; D_1__Cyanobacteria; D_2__Oxyphotobacteria; D_3__Synechococcales; D_4__Cyanobiaceae; D_5__Cyanobium PCC-6307; D_6__uncultured bacterium	0.636363636
e81e9c584bcabdf15713ac4ca1e7fded	D_0__Bacteria; D_1__Cyanobacteria; D_2__Oxyphotobacteria; D_3__Synechococcales; D_4__Cyanobiaceae; D_5__Cyanobium PCC-6307; D_6__uncultured bacterium	0.636363636
3fec3b2dc391502d5d02780938545181	D_0__Bacteria; D_1__Cyanobacteria; D_2__Oxyphotobacteria; D_3__Synechococcales; D_4__Cyanobiaceae; D_5__Cyanobium PCC-6307; D_6__uncultured cyanobacterium	0.6
5bddbbedd5364079988ed937f8d15c94	D_0__Bacteria; D_1__Cyanobacteria; D_2__Oxyphotobacteria; D_3__Synechococcales; D_4__Cyanobiaceae; D_5__Cyanobium PCC-6307; D_6__uncultured cyanobacterium	0.6
e251f515f374808ff5154450e85b7755	D_0__Bacteria; D_1__Cyanobacteria; D_2__Sericytochromatia	1
ba7d4831b67437355b149e39718ed6fb	D_0__Bacteria; D_1__Cyanobacteria; D_2__Sericytochromatia; D_3__uncultured bacterium; D_4__uncultured bacterium; D_5__uncultured bacterium; D_6__uncultured bacterium	0.7
47b2fc5ee7d794a8db4edb6bae5f4930	D_0__Bacteria; D_1__Cyanobacteria; D_2__Sericytochromatia; D_3__uncultured bacterium; D_4__uncultured bacterium; D_5__uncultured bacterium; D_6__uncultured bacterium	1
120e5ffade93ae59a444ad14a0f3b5a1	D_0__Bacteria; D_1__Cyanobacteria; D_2__Sericytochromatia; D_3__uncultured bacterium; D_4__uncultured bacterium; D_5__uncultured bacterium; D_6__uncultured bacterium	1
9d1cf167f1bea5c4616216b987c9d981	D_0__Bacteria; D_1__Cyanobacteria; D_2__Sericytochromatia; D_3__uncultured bacterium; D_4__uncultured bacterium; D_5__uncultured bacterium; D_6__uncultured bacterium	0.8
6ba47a1b9f31fdab6a3a00206a678bf3	D_0__Bacteria; D_1__Cyanobacteria; D_2__Sericytochromatia; D_3__uncultured bacterium; D_4__uncultured bacterium; D_5__uncultured bacterium; D_6__uncultured bacterium	0.7
db1158e5092b4eab818199d1e34298ea	D_0__Bacteria; D_1__Cyanobacteria; D_2__Sericytochromatia; D_3__uncultured bacterium; D_4__uncultured bacterium; D_5__uncultured bacterium; D_6__uncultured bacterium	0.7
42835e894cb903b52e347e00d32435ac	D_0__Bacteria; D_1__Cyanobacteria; D_2__Sericytochromatia; D_3__uncultured bacterium; D_4__uncultured bacterium; D_5__uncultured bacterium; D_6__uncultured bacterium	0.8
2aa9a9e897139cbf55aa577164de470a	D_0__Bacteria; D_1__Cyanobacteria; D_2__Sericytochromatia; D_3__uncultured bacterium; D_4__uncultured bacterium; D_5__uncultured bacterium; D_6__uncultured bacterium	0.8
102d35958d55eaa02e2dec4738e183f7	D_0__Bacteria; D_1__Cyanobacteria; D_2__Sericytochromatia; D_3__uncultured bacterium; D_4__uncultured bacterium; D_5__uncultured bacterium; D_6__uncultured bacterium	0.7
bef5f091d1b7e60a00971b6495720225	D_0__Bacteria; D_1__Cyanobacteria; D_2__Sericytochromatia; D_3__uncultured bacterium; D_4__uncultured bacterium; D_5__uncultured bacterium; D_6__uncultured bacterium	0.9
680ea0d7da9bc9af023b110ae0c2fa03	D_0__Bacteria; D_1__Cyanobacteria; D_2__Sericytochromatia; D_3__uncultured bacterium; D_4__uncultured bacterium; D_5__uncultured bacterium; D_6__uncultured bacterium	0.7
8748454f680f2f64c63b4858c7fedb49	D_0__Bacteria; D_1__Cyanobacteria; D_2__Sericytochromatia; D_3__uncultured bacterium; D_4__uncultured bacterium; D_5__uncultured bacterium; D_6__uncultured bacterium	0.7
